{"stat.entityKilledBy.mw.bandit1":3,"stat.flyOneCm":148135,"stat.deaths":3,"stat.walkOneCm":37538,"stat.jump":98,"stat.pickup.mw.MakarovPM":4,"stat.killEntity.mw.gassy":4,"stat.playOneMinute":8271,"achievement.openInventory":3,"stat.fallOneCm":211,"stat.leaveGame":1,"stat.sneakTime":53,"stat.damageTaken":850,"stat.killEntity.mw.bandit1":18,"stat.pickup.minecraft.leather":1,"stat.crouchOneCm":413,"stat.timeSinceDeath":7463,"stat.sprintOneCm":27247,"stat.mobKills":25,"achievement.exploreAllBiomes":{"value":0,"progress":["Savanna Plateau","Beach","ForestHills","DesertHills","Roofed Forest","Birch Forest","Forest","Plains","Desert","Savanna"]}}