{"stat.entityKilledBy.mw.bandit1":3,"stat.walkOneCm":73041,"stat.drop.mw.SPAS-12":1,"stat.pickup.mw.MakarovPM":5,"stat.killEntity.mw.gassy":4,"achievement.openInventory":5,"stat.leaveGame":2,"stat.damageTaken":850,"stat.pickup.minecraft.leather":1,"stat.mobKills":40,"stat.drop.mw.MakarovPM":4,"stat.flyOneCm":148414,"stat.deaths":3,"stat.drop":6,"stat.jump":112,"stat.playOneMinute":11953,"stat.fallOneCm":211,"stat.sneakTime":53,"stat.killEntity.mw.bandit1":33,"stat.crouchOneCm":413,"stat.timeSinceDeath":11145,"stat.sprintOneCm":30454,"stat.drop.minecraft.leather":1,"achievement.exploreAllBiomes":{"value":0,"progress":["Savanna Plateau","Beach","ForestHills","DesertHills","Roofed Forest","Birch Forest","Forest","Plains","Desert","Savanna"]}}